sentence,bleu_score,rate
But the French will hog them all.,100.00000000000004,0.9785378575325012
Gay? Oh! I can't even say it,89.483931681437,0.9242454767227173
"He come round at night, kicked my door in, dragged me out of bed and",48.96204302621177,0.9940179586410522
Of course he rolled his eyes!,61.29752413741059,0.9969684481620789
I'm the customer here!,40.93653765389909,0.9989500641822815
You're a bad date.,30.213753973567677,0.9963003396987915
"Our biggest export, practically, is garbage, but apart from garbage we export military equipment",94.28731438548752,0.977523148059845
Get your gun and pull the trigger.,100.00000000000004,0.7966882586479187
Who is this man?,24.659696394160658,0.9967988729476929
Just wanking!,0.0,0.9951069355010986
I'll talk to your boss.,67.31821382417488,0.9975872039794922
He planned it well He's a businessman.,51.0029457493824,0.9961521029472351
What did you do to him? Just kill him.,100.00000000000004,-0.8836100101470947
"How about a little ""my man ain't your baby's daddy""?",72.9836014355472,0.9550005197525024
A bad system run by blacks is the same as bad system ran by whites.,81.53551038173119,-0.9004890322685242
The thing would starve to death.,100.00000000000004,0.9665369391441345
Pumpkin is the best.,57.89300674674101,0.9964313507080078
Moron I. - Ballesteros M.A. - Valouskova,57.95782787848098,0.9962015748023987
Marie did not waste precious moments being naive.,75.06238537503395,0.993087112903595
Where's the keys for this case? Where's the...,79.78973106703806,0.9990216493606567
This is supposed to be a happy time.,66.90484408935988,0.9956111311912537
Quit breaking my mind.,42.72870063962342,0.9901313781738281
He wouldn't tell you anything.,38.49815007763549,0.9980708956718445
Child's is a knife in the throat,61.47881529512643,-0.6777732372283936
"You're kind of a bad person, aren't you?",52.53819788848316,0.979125440120697
Hmm? Poor Mom dying in front of us while he's across town screwing her,93.55069850316181,0.9774572849273682
I'm gonna win about $1 million out of all of this.,86.17038791239612,0.9976907968521118
Get your paws off me,54.88116360940266,0.9768879413604736
Did you help send them miners up the scaffold in Pennsylvania?,76.7733168433653,0.9904864430427551
"""If he goes a-traveling, he'll not come back with a horse",52.40124171055639,0.996594250202179
"Judge say, ""Mr. Petey Greene, we charging you with using your word",93.06048591020995,0.9939119815826416
I started the first fires in this city.,71.89393375176813,0.9990530610084534
"Cos you bring me here to meet some guy ""Nigel"" that ain't even",71.65313105737896,0.995010495185852
It's not your fault.,30.048438849849045,0.9955102205276489
"Well, it's about time!",51.15078115793242,0.9987888932228088
You're quite gay today. You sound different.,100.00000000000004,0.5822424292564392
"Davros, this will create enormous mental defects.",100.00000000000004,0.9673553705215454
The wine.,0.0,0.9988014698028564
"Try and make your way out of this one, Mark!",76.91605673134588,0.9972211122512817
The last person that got the better of me... I tracked her down... and tortured,62.677822909120174,0.9604288935661316
It's the same with Jari's hair and butt.,71.89393375176813,0.8336530327796936
I'm not afraid. I don't care who knows.,53.87551338654778,0.9979209303855896
"Jim thrust the shotgun at them and shouted, ""Drop them!""",65.3044386129496,0.9642761945724487
"There used to be chicken stands on the corner, and now there's taco stands on",68.97838757919898,0.9987653493881226
Throw me a sword!,81.87307530779823,0.9902560114860535
You are Bob Fosse.,40.93653765389909,0.9891806244850159
"Have you ever had sex, Israel?",70.71067811865478,-0.6707459688186646
I ain't your brother.,40.93653765389909,0.9910109043121338
You forgot!,0.0,0.9979077577590942
Holy crap.,0.0,-0.9472616314888
"The living, my friend.",51.15078115793242,0.9988744854927063
"And if I did, and I was going to kill Archie, you would never know",88.9009765402776,0.591796338558197
I guess I'll bring you in next week and have your head removed.,100.00000000000004,0.9832046627998352
you're so clever to see it.,75.14772930752862,0.9978523254394531
They're like animals,0.0,0.9952732920646667
"You don't talk to me, but you want me to thread your eyebrows?",84.15266720024049,0.9968475699424744
Oh my God. That's awful.,38.185022210613596,0.998357355594635
I'm not about to throw all that away... over some brown-nosing medi,56.6713706600882,0.9896095991134644
You're the saddest girl I've ever met.,100.00000000000004,0.9696467518806458
"You know what, you don't speak.",54.10822690539397,0.9981968998908997
Sorry shorteralls,0.0,0.9952107071876526
I will bite and scratch you like a wolverine,89.483931681437,0.9702431559562683
"Oh, God, they did things you can't imagine",67.03200460356396,0.9980894923210144
"Johnny, Utah!",35.35533905932737,0.9986419081687927
Okay You've had your show Now go.,65.48907866815301,0.9963001608848572
Seems dangerous,0.0,0.9951123595237732
You get over here and engage in intercourse with me! It's the fifteenth!,100.00000000000004,0.995573878288269
I knew this was a bad idea.,61.01950432112583,0.9985723495483398
Prop Joe is the guy who got the strip off Gay Street.,31.133502941648697,0.9495774507522583
Why did you let her?,56.98363775444274,0.9980791807174683
Dr. Bloom asked me to send a copy of The Psychiatrist and the Law to,20.96113871510979,0.9964693784713745
"Meanwhile, she's every guy in the neighborhood.",66.90484408935988,0.9978874325752258
Laughing at me,0.0,0.9977821707725525
"What's up man you don't look bad, aight?",27.007097700389536,0.9915586709976196
that's destruction of state property.,51.341711903259224,0.9990546107292175
"Listen, mate, Paul, I need to chill out, yeah?",60.51085860151172,0.9981618523597717
Bury me in a lonely place of dying,88.24969025845958,0.9806533455848694
He set you up to conquer the world. He didn't leave me.,87.1953102945297,0.9969532489776611
I don't like you,18.99589214128981,0.9927970767021179
The administrative is taking over my career.,67.5291821812656,0.9990988969802856
Did you injure him?,20.80119537801062,0.9904314875602722
You gotta be kidding me.,37.99178428257963,0.994655966758728
ACP was doomed,0.0,0.9979999661445618
"If you shoot one inside a car without protection, you can blow out an eard",87.42223609582064,-0.5783935189247131
Loaded cheats,0.0,-0.6670328378677368
"When I married your daddy, I was not suitable for that man.",30.01110955811001,0.9978048205375671
Cold pizza you might as well rub a tub of lard on your belly.,73.64816905995104,0.9595556259155273
We'll put that romantic idealism to bed once and for all.,76.7733168433653,0.9980719089508057
What took you so long?,56.98363775444274,0.9982699155807495
"It's very dangerous times, man.",41.11336169005198,0.9941151142120361
Please get in the truck before I change my mind.,56.69173599743462,0.9978430271148682
Is he made oforange rock like the rest of him?,73.69231628533761,0.9917022585868835
She was about to throw you and your career to the F.E.C.,59.21679048339992,0.976479709148407
What are you doing to people?,63.191456189157286,0.9976547956466675
Everyone's scared.,0.0,0.9982720613479614
"Oh, I blew it on a bad investment.",68.01211491388693,0.9987632036209106
That and a big poster.,51.15078115793242,0.9932020306587219
Your upstairs neighbor Sophie is allowing me to have sex with her,92.00444146293236,0.9263863563537598
That cold was really getting on my tits.,100.00000000000004,0.8113168478012085
You should give the cord blood to niki because she's weak,100.00000000000004,-0.7070476412773132
"You know, my head is pounding, I got to be up in, like,",70.47560708135028,0.9726391434669495
"They're so spaced out, they wouldn't even know it.",77.72460244048297,0.9973251819610596
I appreciate that when you were going to kill me you were simply following orders.,60.873213383922824,0.5601241588592529
Adams. - I do not care to be reminded That I am an old dotard,93.94130628134762,0.9909703731536865
You have taken my family! My home! I done lost everything!,87.1953102945297,0.9965919256210327
I don't believe it.,40.93653765389909,0.9987645149230957
"Yeah, angry girls are the worst.",50.000000000000014,-0.940329909324646
"I can help you. I want to help you, and not because I like you",27.413964557012754,0.9957881569862366
"Take your fingers off my set, before you give somebody pinkeye!",50.86978673571193,0.9925272464752197
"when you gonna get that new truck, Joe?",67.03200460356396,0.998498797416687
What is wrong with you?,56.98363775444274,0.9943745136260986
"She looked at Rhun: the Fool was weeping, tears streaking his distorted features",93.55069850316181,-0.5289073586463928
Pile those Persians high.,100.00000000000004,0.9538523554801941
If Hell will have you.,84.64817248906144,0.9588605761528015
Have you seen that?,44.82700320176826,0.9987848401069641
Bruce Lee would have been proud of that.,79.56371661921447,0.9986442923545837
I'll shoot your car in the garage here.,100.00000000000004,0.7900341153144836
There was a time when all I dreamt of was your throat beneath my hands.,100.00000000000004,0.951755166053772
Don't read that in front of me.,61.01950432112583,0.9985301494598389
What was hunter thinking?,47.39878501170795,0.9989603757858276
Are you here to drink or to mess?,75.06238537503395,0.9987181425094604
"My friend, do you have in your team someone.",80.70557274927978,0.9961953163146973
"They aught to give him a medal, not kill him.",76.4882582630276,-0.5779428482055664
"Okay, he's got a spy satellite in his bathroom.",64.07117598241614,0.9324088096618652
Lab rat Carter at your service,84.64817248906144,0.9985613226890564
Fitzhugh is dangling!,47.23665527410149,0.9738502502441406
"And if we get them both killed, what about their kids?",92.59610786423164,0.8763377070426941
I'll be quietly there.,42.72870063962342,0.9987730383872986
You want a spanking like Uncle Bill gave you last night?,100.00000000000004,0.9967021346092224
"And if I have to come back here for any more of this, you're gonna",41.83750692432527,0.9917033910751343
My brother and sisters made me a lawyer,23.87517132417733,0.9978373646736145
Remo told me where to find you. Before he blew town after all that de,72.47557929987696,0.99791020154953
You ain't bad.,35.35533905932737,0.99639892578125
"No, you don't... you dont have to make it up just for me.",68.99302125555486,0.9915124773979187
Mind your language? To hell!,100.00000000000004,0.9851437211036682
How much more of this is there?,61.01950432112583,0.9987199306488037
We're not going to kill anybody!,51.54486831107658,0.7793774604797363
They had to shoot it.,39.01126486653949,0.8631304502487183
"I would have captured him myself, but he ran.",69.63547789070398,0.9959025979042053
You do not call her that.,60.80253214198355,0.9976509213447571
"I'd give you the finger, but I'm running out of ones to spare.",100.00000000000004,0.9955626726150513
"From now on, I want you to do one push-up a day... every",74.92587131922659,0.9973022937774658
Michela!,0.0,0.9984036087989807
"The reputation was, ""Don't mess around with Laird.""",57.23320664346175,0.9986361861228943
I had a bad dream,15.719010513286515,0.9974581599235535
That ain't no joke.,57.89300674674101,0.9959145188331604
If Richie was here you wouldn't talk that stuff.,78.25422900366438,0.9977097511291504
"he looks out the window and makes eye contact with this beat cop on the sidewalk,",49.70977139206686,0.9789174795150757
"Well, I hope you are as ready as you think you are.",80.52253761904356,0.994767427444458
"The man from the moon, but you've killed him already.",100.00000000000004,0.9157102108001709
Where did I put me locket?,18.693159143202898,0.9953787326812744
teach you a lesson.,24.736929544091932,0.9984742999076843
"Oh, you're joking.",40.93653765389909,0.9965474009513855
"Go ahead, change the subject, Cary.",50.54229726989799,0.998981773853302
Get off me,0.0,0.9854391813278198
I've paid the deposit.,54.88116360940266,0.9989997744560242
They must think me this bad.,36.337289265247364,0.9965752959251404
"Today it's two, tomorrow it's three, and then the next thing you know",28.176928909495846,0.9981414079666138
Do me a favor. Get rid of him!,100.00000000000004,0.9800961017608643
Thanks for the clean balls!,100.00000000000004,-0.6714491248130798
Not only did you not save this dude's life... you done made best friends with,75.74651283969668,0.9826328754425049
What if I took the job?,61.29752413741059,0.9986675977706909
That doesn't count,0.0,0.999052107334137
Murdering the head of Reseune is one of them.,100.00000000000004,-0.5201066136360168
Another graduate of the House School of Being a Dick.,100.00000000000004,0.8410738110542297
Then I guess we're both crazy.,100.00000000000004,0.839618444442749
She's cheating on you with a circus freak!,100.00000000000004,0.517204761505127
Oh! Lord!,59.460355750136046,0.9988283514976501
My God we die.,40.93653765389909,0.9950247406959534
Go back to your room Peter.,17.359100558362854,0.9979104399681091
You infant!,0.0,0.9951615929603577
What are you looking at?,48.23560797692261,0.9987549781799316
"Yeah, I went to the bathroom.",52.5917799629412,0.9987444877624512
"comes to dunkers, you solve probably six, seven out of 10.",86.6877899750182,0.9959325194358826
You'll get your answer tomorrow when the next one gets his mail.,58.73934418709088,0.9969384670257568
How you can say that that thing is not?,59.54165059120785,0.998455286026001
"Is it bad, Frank?",37.99178428257963,0.9988284707069397
Who would think I stole a yellow car?,47.79995354275012,0.9845415353775024
"Because it wasn't me, and I'm your best pal.",77.72460244048297,0.9967401623725891
Look happy to see me again.,54.77927682341229,0.9987851977348328
"Where are the beginners of this fray? ""Oh, I am Fortune's man.""",69.26989774939868,0.9970205426216125
Who do you think you are?,63.191456189157286,0.9974049925804138
"the shelf fell and i... aw, damn it.",55.95607306983191,-0.9410038590431213
No he only got drinks to go to Big Day Out.,54.48734682196881,0.9971895813941956
We both know what you really care about.,52.899344348276884,0.9986913800239563
Get brutal.,0.0,0.9960152506828308
You really want to see that bag?,77.88007830714052,0.9984476566314697
"Short of killing him, I'm open to ideas.",100.00000000000004,0.9230718016624451
"Well, then who is John?",24.875214880684553,0.9989538192749023
It's your Eponine!,35.1862973998119,0.992537796497345
"Let me talk, too.",46.08636396914616,0.9985867738723755
"Listen, I am tired of you calling me Meat.",61.91566827062977,0.997330904006958
He's a kid?,35.1862973998119,0.9967654943466187
What is going on?,47.39878501170795,0.9985228180885315
I challenge you!,30.18153515504547,0.998576283454895
Yeah.,0.0,0.998144268989563
I'm no doctor.,27.534765745159184,0.9983927607536316
"Get another job, but I will not put at risk.",64.74591278836637,0.9984142780303955
"No, it's me. The hypocritical patrol.",66.06328636027612,-0.7882161736488342
Your life is gone wrong.,24.598127518343304,0.9959986209869385
That's our only way out.,71.65313105737896,0.9987465143203735
Dad called us Tom and Pat and Mother called us Leo and Michel and our sisters called,74.51888170134808,0.9933284521102905
Natalie Pierce is a bully.,71.65313105737896,-0.9513779878616333
Doolittle's talkin' to the bomb. You're a bad shot!,100.00000000000004,0.7436637878417969
"Now I gotta call New Orleans, tell them what a cluster you got here.",64.52121005104219,0.9972176551818848
I'm Poindexter. Everybody calls me Fool.,100.00000000000004,-0.9462733268737793
Sheer pig-headedness,0.0,-0.6510102152824402
They're not gonna have a chance to start again because in order to bring Stefan back,36.78794411714425,0.9977061748504639
Executed criminals were hung in chains in marketplaces and left to rot until the bodies,71.65313105737896,0.798514187335968
A woman said vagina.,33.51600230178196,-0.5042400360107422
Spread that girl's legs.,30.213753973567677,0.9953096508979797
"First the old bat closes the factory, and now it's my plow.",82.9288386658654,0.9988019466400146
They were perverse and rebellious against God.,65.48907866815301,0.9969636797904968
"Oh, I forgot my ring.",61.29752413741059,0.9985759258270264
"But Christian leaders around the world saw you on TV, and they've been following me",67.06826194958363,0.9984607696533203
I broke my back in this dump because of you!,100.00000000000004,0.513020932674408
How many times I gotta tell you? No thinking.,77.72460244048297,0.998608410358429
People would kill to hit the long ball like you.,100.00000000000004,0.6144492030143738
You can't advance there unless you can shoot.,100.00000000000004,0.5732604265213013
"It's not your revolver, it belonged to Marfa Petrovna, whom you",68.07123983233856,0.9945778846740723
Open the door Dan!,18.393972058572114,0.9987868666648865
Exotic girls - Fire-eaters,100.00000000000004,0.9815486073493958
I guess I'll just have to keep slapping you then.,100.00000000000004,0.9968594312667847
"Shep, what are you doing?",24.0785655451027,0.9959881901741028
"If you don't,you don't and it's only the sons of that object",60.11267528909812,0.9966283440589905
"Lois, ""Our Lois"" as Bill always says, don't look so surprised",31.576054299481672,0.9983239769935608
He's one of the killers!,100.00000000000004,0.9771310091018677
Don't say such things to your father,34.33629176453737,0.9966453909873962
"It's a ferry ride away, mate.",67.5291821812656,0.9988933205604553
I know I messed up.,37.99178428257963,0.998431384563446
"Oh, that sucks, man.",100.00000000000004,-0.939963161945343
Bning you down to Bros. Bar-B-Q. 15837 South C,48.585747576909554,0.993350088596344
Does your god truly know how small your brain is?,67.74702029865007,0.982799768447876
She seems just as barbaric as the rest of them.,100.00000000000004,0.9572817087173462
"Oh, and don't forget the rubber nipples. Yes.",80.70557274927978,0.9882998466491699
Heard you cried.,23.50540321304655,0.9983742237091064
All you had to do was look her in the eye and lie.,59.88827231730112,0.993565022945404
That's a bad plan.,30.213753973567677,0.9988489151000977
Please try again.,47.23665527410149,0.9984018206596375
Probably that movie theater popcorn machine that Cece wants me to get for the bar.,72.63589009988112,0.9942649006843567
"Who's this, your new girl?",64.34588841607616,0.9967584013938904
"Your precious brother, Richie, was no saint",71.19674182275,0.9937553405761719
A bad man who killed people.,100.00000000000004,-0.9439638257026672
"Harry, trying to say ""Shh!"" and look comforting at the same time,",30.836516789658166,0.9972879886627197
And they all want to pay money for it.,78.25422900366438,0.9985877275466919
Does anybody speak English anymore?,39.01126486653949,0.9989336133003235
He's on a different level compared to your airhead girls.,100.00000000000004,0.8148460388183594
so much rain,0.0,0.9931700229644775
How many of these things did you pull?,66.90484408935988,0.9986646175384521
Those sex books!,100.00000000000004,0.9765586853027344
Cut it.,0.0,0.9977691173553467
But he was just some kid with a normal laptop.,54.70767187585459,0.9968193769454956
But an old like me doesn't change anymore.,66.90484408935988,0.9984776377677917
"Joe, Lucas stole $9,000 from you and you don't do anything wrong",35.3098794594346,0.9495381116867065
Don't be naive. It takes ten men to open this gate.,73.24967962619755,0.9982185959815979
Jaroslaw. Sir!,49.76093899250716,0.9983155727386475
Mark is very rich and has a cruel ex-wife.,70.71067811865478,0.736408531665802
Do it. Take my life.,100.00000000000004,0.9984690546989441
All this simple life stuff.,53.7284965911771,0.9953279495239258
I didn't want to kill him just to make him stay.,73.48889200874659,0.8373216986656189
"Hey, do I ask what you do at work? No problem.",85.5526185871245,0.9985722303390503
"And you, you'd get one right through if you wasn't Charlie's boy.",69.80320829375147,0.9950078725814819
"Oh, yeah, let Mama give that baby a little spanking, come on.",100.00000000000004,0.9940225481987
"Frightened little gashes, Running away with their cocks between their cheeks.",100.00000000000004,-0.6645329594612122
"He made a mistake, Dick.",100.00000000000004,0.6634441614151001
"You know, Julie, you really hurt me.",48.74858042804567,0.9960175156593323
"Seb, mon ami, a sweet lady has invited me for steaks,",39.41913669776377,0.9900825619697571
Make the other Zulus see it.,51.54486831107658,0.9983643889427185
She is gonna carve my eyes out and she's gonna make me eat them!,100.00000000000004,0.98263019323349
"You're a leader of men, and you ran an army with wagons and horses",34.91858409840141,0.9659924507141113
I don't know; smuggling a balloon bull of red paint into a hotel and sneaking,44.37473100810801,0.9914470911026001
you are terrible.,100.00000000000004,0.9395936727523804
"But inside, we both carry the notion that we can fix everything",72.9836014355472,0.9989891648292542
"He said, ""wow, these cookies really bad.""",76.91605673134588,0.9972681999206543
That you can split.,40.93653765389909,0.9989765882492065
So what is all this about his father's ke√≠retsu?,71.0866788975034,0.9880319833755493
Screw you!,0.0,-0.9437633156776428
"She never listens, am I right?",67.5291821812656,0.998347282409668
Weird things in the country.,53.7284965911771,0.9980497360229492
He doesn't like your guts,8.697972365316721,-0.9417283535003662
Useless to resist.,100.00000000000004,0.7798053622245789
"Hey, where are you going with those bags, man?",73.65443056748843,0.9949274063110352
"Personally, I'd chalk it up to collateral damage but I don't care.",57.619795735795215,0.9978481531143188
And the Russians are giving them trouble.,70.71067811865478,0.9924310445785522
"Number 1. Never touch a Hmong person on the head, not even a child",82.90291181804007,0.9977558255195618
"Look, we just wanna find the person that killed our parents.",60.43026468442617,0.9589334726333618
He'd kept it there ever since Ace Merrill had tried to rob him a few years,64.79919834371032,0.9961977601051331
Or why there isn't a single picture of him around the house?,78.81929718099911,0.9987335801124573
"Wallace, nothin.",21.444097124017667,0.9976611137390137
"Now get me to your commander!""",53.849523560640876,0.9970462918281555
Later in the night a guy showed up and began playing bongos on his own,15.481191265519284,0.9975558519363403
"Won't blow my head off now, eh?",89.483931681437,0.9858178496360779
Where are my keys?,30.119421191220216,0.9990952014923096
He was street trash and his death here probably saved someone else's life down the line,76.59552353576204,0.707344114780426
And I'm not talking about the lust of satyrs and rapists; I'm talking,39.41913669776377,-0.6494607925415039
"No no, it's not a blowjob from my mother, okay?",100.00000000000004,0.9940297603607178
I came to the truck so we could get out of here,64.98720966714548,0.9981985688209534
"Nice try, P.E.T.A. But I saw you hiding in",70.47560708135028,0.9979082345962524
"Yeah, yeah, it's bad.",41.91742490576712,0.9981391429901123
He is not good.,10.682175159905848,0.9950252175331116
Old Lorne thinking it was about saving the world from ending,61.44118374261937,0.9986554384231567
"Okay, you're a little goofy.",100.00000000000004,-0.9330201745033264
Why free him and then kill him?,100.00000000000004,-0.9145975112915039
"Yin and yang, You all smoking?",34.36446393954862,0.9437838792800903
If she did that-if his supper wasn't ready for him when he was ready,6.62522591522617,0.996198832988739
I can be bad and I hate that about myself.,58.50343668259105,0.9928122162818909
Don't you move Eddie!,21.414818552625793,0.9975124597549438
"And it was filled with blood, And when I opkeek... He was dead",84.40387272951496,0.9638444185256958
And I couldn't concentrate long enough to finish a Sodoku.,77.72460244048297,0.9985851049423218
Last time she cut her tongue off.,100.00000000000004,0.9791175127029419
She said Esmond hasn't done anything wrong since Christmas.,37.99178428257963,0.9986492991447449
You need to get past that because no one is worth thinking that much about.,52.223452609815716,0.9984332919120789
What does that mean?,47.39878501170795,0.9989020824432373
How much online poker do you play?,42.253730625110876,0.998824417591095
Get out of here.,19.3576934939088,0.9978340268135071
Sounds gross.,0.0,0.9940667152404785
Butters doesn't know how you make semen come out of your body.,100.00000000000004,0.9947571754455566
"Kill their buddy for $40,000?",100.00000000000004,0.9625725746154785
"The rest of you, anemic.",100.00000000000004,0.9899745583534241
"And you, go back to your pigsty!",100.00000000000004,-0.6787059307098389
Perhaps you should bite me.,100.00000000000004,0.9945854544639587
She's not good.,18.99589214128981,0.997941792011261
"When we get into that camp, you're to keep your mouth shut.",100.00000000000004,-0.743060290813446
"Payson, is there anything we can do about it?",43.44547766853482,0.9987766146659851
"Man, can you believe he's only had sex with one woman?",100.00000000000004,-0.8224110007286072
You think it's my fault you're lying in here?,71.0866788975034,0.9752855896949768
I park my own car like a real man.,71.0866788975034,0.9970399737358093
kama sutra nude sexy girls power rangers mistic forse orgasm jon,10.078008999413521,0.8763172030448914
"You're not gonna tell him what a bad person I am, are you?",72.41577342575832,0.9877151846885681
"Walk out the door, get in the car, go home, and that's all",60.787226216996956,0.9976569414138794
"Sure, if he wants to spend years doing her homework while she drinks herself into a",44.12769004765993,0.9958826303482056
"Ugly peoplewho are running with scissors, health hazard or community service?",100.00000000000004,0.9920167922973633
"And when your navy's getting it kicked as thoroughly as ours is, the occasional dead",23.360314838809813,0.9512397646903992
Always jamming up the washing machine.,65.14390575310559,0.9970263838768005
"Patrice, she thought you were cute.",46.4120829187062,0.9938101172447205
"Well, it's about time.",51.15078115793242,0.9990503191947937
"When we're dead, he'll mess us.",59.4603557501361,0.9792366027832031
Jovi's a pilot?,35.1862973998119,0.9988735318183899
He was not a good man,15.207218222740094,0.995978593826294
He had no right to shoot a sitting swan like that.,64.74591278836637,0.6041231751441956
I miss you.,49.76093899250716,0.9977426528930664
Watch yourself guys.,21.444097124017667,0.9874200224876404
You're breaking my neck.,44.82700320176826,0.9945843815803528
"That makes him mine, not yours.",44.12484512922978,0.9945679903030396
"So, if Olivia miraculously survives this missile that's going to be dropped on her",36.78794411714425,0.9903786182403564
if you put the bags,36.70124608961282,0.9916818737983704
What is it doing in my atrium?,67.71219109764864,0.9988462924957275
It's the first time I've been away for so long.,21.321493331446224,0.998683512210846
It's important to at least have faith in the possibility of a higher being or something,36.78794411714425,0.9988967180252075
Or one that's been bad on all her life.,65.80370064762461,0.9978606104850769
"One of them served under Von falkenhorst in Norway, and the other is",0.963014358740353,0.99847811460495
You got to get rid of all this.,79.56371661921447,0.9855572581291199
What took you so long?,51.15078115793242,0.9982699155807495
I don't like this.,10.682175159905848,0.9971984624862671
It is not good.,10.682175159905848,0.9989420771598816
It wasn't funny.,47.23665527410149,0.9990707039833069
"What are you doing here? Jack,I am marrying Rhys!",58.73934418709088,0.9977877140045166
The better side of his nature seemed to urge him to die rather than to go on,55.53063730019509,0.9955798983573914
You were with Max two days before Frankie died! I wasn't.,63.436083375358535,0.9978006482124329
My name's Dale Doback and I hope you like to kick it.,78.81929718099911,0.9681512117385864
"But in the end, it was Duddits who broke the little gray one.",70.95461077803648,0.9975566864013672
"You ready to get yourself off that big gray monster, get out to Coronado",38.4398092450562,0.6290407180786133
She will giggle at you are bad jokes?,66.06328636027612,0.9773126840591431
Go to sleep and stop doing nonsense.,62.401954419369176,0.994207501411438
"Why in the world would a civilized, up-town man of the millennium such as",12.66071027890836,0.9812440276145935
"So, just to be clear, some girl gets knocked up by the soccer coach behind",30.469532057410913,0.9949026107788086
From the crotch to the knee.,52.70837136273562,0.8727035522460938
"Maybe he gave it to the girl, and this whole ""Where am I, who",52.35834657149972,0.9956099390983582
How about April fools?,17.030578356760866,0.7584462761878967
You'd make a fine editor.,43.01250851313264,0.9961504936218262
Bed is not good.,12.703318703865365,0.9985623955726624
What is going on?,47.39878501170795,0.9985228180885315
Ever hear of a breath mint?,63.191456189157286,0.9986461997032166
I want to die.,23.643540225079384,0.9965153932571411
You have more pogos than anyone,84.64817248906144,0.9872542023658752
I put everything back the way I like it. I was just about done when I,70.26185226629957,0.9973599314689636
Thanks for the free money.,56.98363775444274,0.998534083366394
And what is all this about some safe being empty?,48.64276323399884,0.9969239830970764
"I'll tell you something else, man, if the girl's pregnant, it makes",62.708908527305645,0.9963531494140625
We got in a fight. Oh.,60.653065971263366,0.9977439641952515
Woman won't return my calls.,51.15078115793242,0.9965085387229919
He's a regular Pat Sajak!,43.01250851313264,0.9938251972198486
"Rule number 1, put the fire out.",66.90484408935988,0.998349666595459
Who knows why.,59.460355750136046,0.9987300038337708
My fist in your face!,51.15078115793242,0.9933698177337646
"You are walking around here preaching celibacy to everybody, and you've already sold",42.43728456769501,0.976827085018158
"Well, Gracie's brothers didn't like that one bit.",71.0866788975034,0.9979221224784851
You can start now by cleaning the pigeon off the front porch.,39.60911602517333,0.998813271522522
"no enigma... no dignity, nothing classical or poetic... only this... a comic",69.18753345021881,0.9883111119270325
That's great. And she just dropped me,28.823572906135656,0.9698767066001892
What's this?,0.0,0.9984176158905029
Do you accept a priest in the Treasure Hunt?,59.54165059120785,0.9979368448257446
"No, but I'm not naive, you know.",59.54165059120785,0.997538685798645
"Take a coat from out there, or you'll be freezing",54.643547355526174,0.9946982860565186
These people will stop at nothing to take your money.,63.8194179668201,0.9916257262229919
"When the governor threw that 50-some million on the table, you should've picked",77.88007830714052,0.9958391189575195
I think that demons don't care about monster tweens unless they're told to.,67.83686168526629,0.981198251247406
I have to trust the people in my employ... otherwise their quality of life will turn,85.39396656235354,0.9987768530845642
I think she said she's gonna hit my wife.,65.80370064762461,0.9701635241508484
"My brother Kenny, he got affected by the system.",70.16879391277372,0.9982787370681763
"If he's delusional, it's because I made him that way; if he's",42.43728456769501,0.9905906319618225
"It is a bomb, nadi.",43.47208719449914,0.9918127059936523
And it's like all this stuff just gets so loud I feel like I can't,57.345456804394075,0.9773461818695068
And I've had my share of trouble.,70.71067811865478,0.9988178610801697
He's here to hurt you not to punish you.,16.807407519804237,0.9926992058753967
This is some cool fit for a real rapper.,48.959148327580515,0.9003621935844421
Because they gotta die or win.,100.00000000000004,0.9989771842956543
"So some guy had a bright idea, took a shortcut, called one of the women",70.26185226629957,0.9886965751647949
"I know she had the power to kick you and your sisters off campus, but you",49.36727883891306,0.9568932056427002
Then she switched what was coming over her ear-set so the rest of the cock,75.76462188237684,0.8576591610908508
"I'm sorry, I saved you.",55.780028607687655,0.9983887672424316
"And here it catches up to us again, to do what's in its nature...",24.935220877729634,0.9980255365371704
My baby's sex.,100.00000000000004,-0.8616783618927002
The slow death of your son will be an example to all men.,100.00000000000004,0.9446486234664917
"They were certainly easier to deal with than the murderers, rapists, and armed robbers of",88.9009765402776,-0.7717975378036499
Pull out ten whites.,100.00000000000004,0.6274699568748474
You want to drive me crazy?,64.34588841607616,0.8777206540107727
Why is he walking back and forth?,52.47357977607325,0.9984323382377625
I just got so paranoid you'd leave me. Because I'm such old.,75.55051148901042,0.9694209694862366
Make us a slave race,81.87307530779823,0.818731963634491
That's for sure,0.0,0.9989486336708069
"Is that what you want, me having sex with moms in the park?",100.00000000000004,0.9366413950920105
"Big Time Willie told them... they be with the J, they're gonna wake up",49.532408019558055,0.9925320744514465
"Girl, that is to die for.",100.00000000000004,0.988335132598877
Then you're all in trouble.,32.46679154750991,0.994918167591095
What would I or my people have to gain from killing a British workman?,100.00000000000004,0.9181818962097168
"Now, tell me more about myself.",70.37259479962373,0.9985299110412598
"Okay, this is bad.",53.7284965911771,0.9966367483139038
You're boys still. And come the winter you will die.,84.64817248906144,0.9956207871437073
Can you turn this off?,51.15078115793242,0.9975537657737732
Except my name's Nuria and I'm good.,56.938938762987256,0.9983363747596741
You told me to get off.,48.892302243490086,0.997711181640625
Old movie stars you'd have liked to sleep with when they were young,67.03420896351791,0.9980353713035583
"Anyone can peel the Apple, I said.",47.79995354275012,0.999131977558136
"Poor guy, he thought.",53.7284965911771,0.9960678815841675
We're going to calm down those people.,70.71067811865478,0.9937577247619629
"Or I could have sex with Gwen, and you could do whatever you want.",52.07862806807388,0.9497119188308716
You're working for the snow queen?,65.14390575310559,0.9986447691917419
You still don't get this?,43.01250851313264,0.9976721405982971
They don't want people who are smart enough to sit around the kitchen table and figure,28.650479686019022,0.9984531402587891
You're the one who's so certain.,61.29752413741059,0.9978606104850769
Where've you been for the last two months?,36.88939732334405,0.9989602565765381
"It doesn't matter how silly the name is, we'll go with it.",100.00000000000004,0.6910581588745117
"And Smitty for the last time, close your legs.",77.72460244048297,0.9482900500297546
Buddies,0.0,0.9953579306602478
You don't love me anymore? You're crazy,88.24969025845958,-0.6670340299606323
"Overcome by evil and darkness, he killed them all",90.48374180359599,-0.6584745049476624
Did you have a nice time with my friend Mason Hutchinson?,73.48889200874659,0.9979602098464966
"I go, he's multitasking.",50.66641486392108,0.9965842962265015
What's wrong with you?,24.601580968354597,0.9959021210670471
Saddam's mustard gas was nothing compared to a Walter fart.,100.00000000000004,0.9526558518409729
"No, no, no it Was a black site, Cross was.",53.64764718374748,0.9982354640960693
You're an old circus hand.,100.00000000000004,0.982788622379303
That old chestnut?,49.76093899250716,0.9984863996505737
I need a medic!,40.93653765389909,0.9966102242469788
"Let's put it this way, one of us is staying - it's us or",51.341711903259224,0.9985455274581909
"You, uh, ordered some Chinese Internet health product,and they sent the wrong pills",58.1942212705327,0.995959460735321
I got people who'ilattest to seeing you kill in cold blood,91.31007162822628,-0.5370460748672485
"Mister, you better tell me where they took him.",20.26936908987041,0.995653510093689
"Ridiculous as he looked, lying there with his four legs sticking up in",48.95416595569534,-0.9420485496520996
"Oh, check this out.",51.15078115793242,0.9975526928901672
"Here, here, give me your hand.",80.07374029168083,0.9977424144744873
Then we take out their rudders and leave them dead in the water.,100.00000000000004,0.9785575270652771
"I told them you were the best mechanic I had, but supervisor you know, you",41.60681384629059,0.997581958770752
dammit!,0.0,-0.9575217962265015
It also made it important for Yu to prevent the Masadan officer corps from suspecting,26.359713811572682,0.9987767338752747
"A lot of these black guys, gangster type guys, they all got names like",88.24969025845958,-0.9227798581123352
"If you want an honest woman, break her leg and keep her home.",100.00000000000004,0.9836613535881042
Now Geronimo realised... he could sell his tar paintings for a fortune and split,21.784639790999552,0.9982866644859314
The only reason we care about your country is because you let it be a breeding ground,58.1942212705327,0.9798893332481384
"It was a beautiful ceremony, until one of the little kids saw me and started screaming",21.53867816536506,0.9979189038276672
Can I get some privacy here?,51.54486831107658,0.9988802075386047
"That's not a satisfied customer, Dick, that's a woman scorned.",100.00000000000004,0.8043547868728638
"So when she says, ""Oh, spot"", she's really trying She's really",45.828834338846896,0.9959938526153564
We need to know who else you've been talking bad about?,76.91605673134588,0.9984812140464783
"They have things we don't have, and the Chinese and Israelis don't.",66.46817937381975,0.9716992974281311
Where's a phone?,27.403115968356843,0.9988981485366821
They haven't even fixed the communications satellite yet.,69.13086465463164,0.9991969466209412
sluts of my subcaste mostly don't have to work if they have night,78.20963401693352,0.9890727400779724
You are a rock star.,30.8198090959812,0.9258106350898743
I've been waiting for you to become my right arm so we can stop those people,37.04644362222337,0.9933199882507324
"She endured him, wondering if she could remember some charm or herb to put an end",17.123714294478823,0.996141254901886
"Your mother is a crisis, your father is a wreck.",73.48889200874659,0.6477286219596863
I guess it doesn't hurt that his wife is the critic.,76.7733168433653,0.9882075190544128
Now you'll get to know God in the land of the damned.,100.00000000000004,-0.9434646964073181
"Feel whatever you want to about it, all right?",70.97039016115906,0.9986639022827148
A person who lacks any real long-term goals?,75.06238537503395,0.9987866282463074
We shall all be dead and buried ourselves if he takes much longer.,100.00000000000004,0.9782294631004333
What is it about penises that they get such great wives?,100.00000000000004,-0.9077449440956116
Now get out of here,27.440581804701317,0.9975284934043884
We're all going to die,30.119421191220216,0.9881567358970642
"Would we have approved killing him in babyhood when he was innocent, or killing his",60.653065971263366,-0.6364189982414246
Before killing the man,47.23665527410149,-0.9164901971817017
God grant me strength.,67.03200460356396,0.9987828135490417
Whatever the horrible thing was that twisted you up inside and made you into the bad person,72.94553618180949,0.5645837783813477
Give me my BB gun.,43.01250851313264,0.997735857963562
Russia's going to join NATO.,51.15078115793242,0.9986421465873718
I need Fred Wolf in this car now,38.940039153570254,0.9899377822875977
I just can't get into a relationship with you... without throwing my whole world into,77.80372465653272,0.9961718916893005
"You got to get back to that detective work, baby.",73.48889200874659,0.9962181448936462
